{
    "loss": 12.58738899230957,
    "accuracy": 0.41038525104522705
}