{
    "loss": 5.6930036544799805,
    "accuracy": 0.4576214551925659
}