{
    "loss": 11.137650489807129,
    "accuracy": 0.3681741952896118
}