{
    "loss": 24.38849639892578,
    "accuracy": 0.2509212791919708
}